"Country","CODE","Continent","Data source","Rabies endemic","HDI","Dog population","Cluster","Gavi eligible","Gavi eligible in 2018","Proportion of human population living in urban area","Bite incidence","P|rabid","P|rabid sample size","P|seek","P|seek sample size","P|receive","P|receive sample size","P|complete","P|complete sample size","Is vaccine paid for by patients?","Is RIG used?","Is RIG paid for by patients","Intra-dermal regimen used","Cost of initial visit","Cost of follow-up visit","Price of vaccine per vial","Price of RIG per vial"
"Afghanistan","AFG","Asia","",1,0.398,"  2,825,278","asia",TRUE,TRUE,0.271,0.016,NA,NA,NA,NA,NA,NA,NA,NA,NA,FALSE,NA,FALSE,9.05,6.64,NA,NA
"Albania","ALB","Europe","",1,0.739,"    444,487","endemic",FALSE,FALSE,0.584,0.03,NA,NA,NA,NA,NA,NA,NA,NA,NA,NA,NA,FALSE,5.036,3.691,NA,NA
"Algeria","DZA","Africa","",1,0.698,"  2,892,479","endemic",FALSE,FALSE,0.713,0.014,NA,NA,NA,NA,NA,NA,NA,NA,NA,NA,NA,FALSE,8.664,6.356,17.623,NA
"Andorra","AND","Europe","",0,0.838,"     10,842","free",FALSE,FALSE,0.846,0.028,NA,NA,NA,NA,NA,NA,NA,NA,NA,NA,NA,FALSE,53.196,38.992,NA,NA
"Angola","AGO","Africa","",1,0.486,"  2,411,778","west africa",TRUE,FALSE,0.448,0.017,NA,NA,NA,NA,NA,NA,NA,NA,NA,FALSE,NA,FALSE,36.912,27.077,NA,NA
"Antigua and Barbuda","ATG","Americas","",0,0.764,"     12,242","free",FALSE,FALSE,0.234,0.024,NA,NA,NA,NA,NA,NA,NA,NA,NA,NA,NA,FALSE,26.382,19.344,NA,NA
"Argentina","ARG","Americas","",1,0.797,"  5,788,901","endemic",FALSE,FALSE,0.919,0.026,NA,NA,NA,NA,NA,NA,NA,NA,NA,NA,NA,FALSE,18.811,13.792,53.519,NA
"Armenia","ARM","Europe","",1,0.716,"    464,263","asia",TRUE,FALSE,0.626,0.031,NA,NA,NA,NA,NA,NA,NA,NA,NA,FALSE,NA,FALSE,5.879,4.309,NA,NA
"Australia","AUS","Oceania","",0,0.929,"  3,011,342","free",FALSE,FALSE,0.896,0.025,NA,NA,NA,NA,NA,NA,NA,NA,NA,NA,NA,FALSE,57.182,41.916,101.794,NA
"Austria","AUT","Europe","",0,0.885,"  1,324,783","free",FALSE,FALSE,0.66,0.03,NA,NA,NA,NA,NA,NA,NA,NA,NA,NA,NA,FALSE,46.556,34.125,NA,NA
"Azerbaijan","AZE","Europe","",1,0.731,"  1,484,823","asia",TRUE,FALSE,0.549,0.03,NA,NA,NA,NA,NA,NA,NA,NA,NA,FALSE,NA,FALSE,10.866,7.964,NA,NA
"Bahamas","BHS","Americas","",0,0.771,"     51,736","free",FALSE,FALSE,0.83,0.026,NA,NA,NA,NA,NA,NA,NA,NA,NA,NA,NA,FALSE,31.232,22.9,NA,NA
"Bahrain","BHR","Asia","",1,0.806,"    173,830","endemic",FALSE,FALSE,0.888,0.022,NA,NA,NA,NA,NA,NA,NA,NA,NA,NA,NA,FALSE,30.118,22.075,NA,NA
"Bangladesh","BGD","Asia","Hossain et al (2012); Hossain et al (2013); CDC PEP Survey",1,0.5," 14,757,312","asia",TRUE,TRUE,0.35,0.002,NA,NA,NA,NA,NA,NA,NA,NA,FALSE,TRUE,FALSE,TRUE,3.665,2.687,5.925,70.563
"Barbados","BRB","Americas","",0,0.793,"     37,895","free",FALSE,FALSE,0.314,0.026,NA,NA,NA,NA,NA,NA,NA,NA,NA,NA,NA,FALSE,28.48,20.882,NA,NA
"Belarus","BLR","Europe","",1,0.756,"  1,463,538","endemic",FALSE,FALSE,0.77,0.031,NA,NA,NA,NA,NA,NA,NA,NA,NA,NA,NA,FALSE,6.118,4.483,NA,NA
"Belgium","BEL","Europe","",0,0.886,"  1,736,265","free",FALSE,FALSE,0.979,0.03,NA,NA,NA,NA,NA,NA,NA,NA,NA,NA,NA,FALSE,46.535,34.11,NA,NA
"Belize","BLZ","Americas","",0,0.699,"     47,905","free",FALSE,FALSE,0.438,0.026,NA,NA,NA,NA,NA,NA,NA,NA,NA,NA,NA,FALSE,22.265,16.325,NA,NA
"Benin","BEN","Africa","",1,0.427,"  1,049,625","west africa",TRUE,TRUE,0.444,0.019,NA,NA,NA,NA,NA,NA,NA,NA,NA,FALSE,NA,FALSE,5.192,3.809,NA,NA
"Bhutan","BTN","Asia","Tenzin Tenzin",1,0.522,"     73,168","asia",TRUE,FALSE,0.394,0.018,0.66,96,0.92,NA,0.954,27285,0.519,27128,FALSE,TRUE,FALSE,TRUE,10.505,7.701,2.91,43
"Bolivia","BOL","Americas","",1,0.663,"  1,429,961","americas",TRUE,FALSE,0.689,0.026,NA,NA,NA,NA,NA,NA,NA,NA,NA,FALSE,NA,FALSE,5.971,4.377,70.043,240.459
"Bosnia and Herzegovina","BIH","Europe","",1,0.733,"    586,218","endemic",FALSE,FALSE,0.399,0.033,NA,NA,NA,NA,NA,NA,NA,NA,NA,NA,NA,FALSE,3.9,2.858,21.967,NA
"Botswana","BWA","Africa","",1,0.633,"    191,416","endemic",FALSE,FALSE,0.577,0.017,NA,NA,NA,NA,NA,NA,NA,NA,NA,NA,NA,FALSE,35.725,26.205,NA,NA
"Brazil","BRA","Americas","",1,0.718," 27,713,004","endemic",FALSE,FALSE,0.859,0.026,NA,NA,NA,NA,NA,NA,NA,NA,NA,NA,NA,FALSE,13.679,10.03,15.548,NA
"Brunei Darussalam","BRN","Asia","",0,0.838,"     50,308","free",FALSE,FALSE,0.775,0.023,NA,NA,NA,NA,NA,NA,NA,NA,NA,NA,NA,FALSE,44.358,32.516,NA,NA
"Bulgaria","BGR","Europe","",1,0.771,"  1,104,306","endemic",FALSE,FALSE,0.743,0.031,NA,NA,NA,NA,NA,NA,NA,NA,NA,NA,NA,FALSE,6.13,4.492,22.947,NA
"Burkina Faso","BFA","Africa","",1,0.331,"  1,971,146","west africa",TRUE,TRUE,0.307,0.021,NA,NA,NA,NA,NA,NA,NA,NA,NA,FALSE,NA,FALSE,3.037,2.228,NA,NA
"Burundi","BDI","Africa","",1,0.316,"  1,392,102","east africa",TRUE,TRUE,0.124,0.026,NA,NA,NA,NA,NA,NA,NA,NA,NA,FALSE,NA,FALSE,3.323,2.437,NA,NA
"Cabo Verde","CPV","Africa","",0,0.568,"     40,336","free",FALSE,FALSE,0.662,0.015,NA,NA,NA,NA,NA,NA,NA,NA,NA,NA,NA,NA,4.893,3.589,NA,NA
"Cambodia","KHM","Asia","Arnaud Tarantola; Ly et al (2009); CDC PEP Survey",1,0.523,"  1,294,042","asia",TRUE,TRUE,0.209,0.069,0.492,1214,NA,NA,NA,NA,0.952,10437,FALSE,TRUE,TRUE,TRUE,3.02,2.215,11,18.5
"Cameroon","CMR","Africa","Galileu Barbosa Costa; Sofeu et al (in review); CDC PEP Survey",1,0.482,"  2,037,917","west africa",TRUE,TRUE,0.549,0.017,0.742,89,NA,NA,0.56,925,0.544,518,TRUE,TRUE,TRUE,FALSE,6.419,4.709,15.5,83.366
"Canada","CAN","Americas","",0,0.908,"  4,780,237","free",FALSE,FALSE,0.82,0.026,NA,NA,NA,NA,NA,NA,NA,NA,NA,NA,NA,FALSE,47.396,34.748,NA,NA
"Central African Republic","CAF","Africa","Tricou et al (2016)",1,0.343,"    489,618","east africa",TRUE,TRUE,0.403,0.022,0.841,82,NA,NA,0.653,966,NA,NA,TRUE,FALSE,NA,FALSE,5.046,3.701,NA,NA
"Chad","TCD","Africa","Jakob Zinsstag; Ronelngar Moyengar; Assandi Oussiguéré; Anyiam et al (2016); Frey et al (2013); Mbilo et al (2016); CDC PEP Survey",1,0.328,"  1,619,481","west africa",TRUE,TRUE,0.226,0.017,0.765,16,0.59,963,0.5,86,0.36,334,TRUE,FALSE,NA,FALSE,7.054,5.175,8.054,NA
"Chile","CHL","Americas","",0,0.805,"  2,393,085","free",FALSE,FALSE,0.897,0.026,NA,NA,NA,NA,NA,NA,NA,NA,NA,NA,NA,FALSE,33.148,24.305,22.702,NA
"China","CHN","Asia","",1,0.687," 28,389,648","endemic",FALSE,FALSE,0.568,0.004,NA,NA,NA,NA,NA,NA,NA,NA,NA,NA,NA,TRUE,4.291,3.146,8.984,NA
"Colombia","COL","Americas","",1,0.71,"  6,430,494","endemic",FALSE,FALSE,0.767,0.026,NA,NA,NA,NA,NA,NA,NA,NA,NA,NA,NA,FALSE,6.61,4.847,32.107,126.724
"Comoros","COM","Africa","",0,0.433,"     86,925","free",TRUE,TRUE,0.284,0.022,NA,NA,NA,NA,NA,NA,NA,NA,NA,FALSE,NA,FALSE,4.547,3.335,NA,NA
"Congo","COG","Africa","",1,0.533,"    358,646","east africa",TRUE,FALSE,0.658,0.014,NA,NA,NA,NA,NA,NA,NA,NA,NA,FALSE,NA,FALSE,25.245,18.518,NA,NA
"Cook Islands","COK","Oceania","",0,0.908,"      2,404","free",FALSE,FALSE,NA,0.028,NA,NA,NA,NA,NA,NA,NA,NA,NA,NA,NA,FALSE,6.239,4.575,NA,NA
"Costa Rica","CRI","Americas","",0,0.744,"    641,047","free",FALSE,FALSE,0.777,0.026,NA,NA,NA,NA,NA,NA,NA,NA,NA,NA,NA,FALSE,31.749,23.279,40.983,NA
"Cote d'Ivoire","CIV","Africa","Jakob Zinsstag; Bassirou Bonfoh; CDC PEP Survey",1,0.4,"  1,985,830","west africa",TRUE,TRUE,0.549,0.017,NA,NA,0.39,96,0.92,37,0.37,NA,TRUE,FALSE,NA,FALSE,5.295,3.884,14.4,NA
"Croatia","HRV","Europe","",1,0.796,"    649,908","endemic",FALSE,FALSE,0.593,0.031,NA,NA,NA,NA,NA,NA,NA,NA,NA,NA,NA,FALSE,31.207,22.875,42.471,NA
"Cuba","CUB","Americas","",1,0.776,"  1,518,608","americas",TRUE,FALSE,0.772,0.026,NA,NA,NA,NA,NA,NA,NA,NA,NA,FALSE,NA,FALSE,3.616,2.651,NA,130.718
"Cyprus","CYP","Europe","",0,0.84,"    179,277","free",FALSE,FALSE,0.668,0.03,NA,NA,NA,NA,NA,NA,NA,NA,NA,NA,NA,FALSE,18.777,13.763,NA,NA
"Czechia","CZE","Europe","",1,0.865,"  1,623,264","endemic",FALSE,FALSE,0.73,0.03,NA,NA,NA,NA,NA,NA,NA,NA,NA,NA,NA,NA,37.143,27.226,24.156,100.651
"Dem. People's Republic of Korea","PRK","Asia","",1,0.766,"  2,730,026","asia",TRUE,TRUE,0.61,0.021,NA,NA,NA,NA,NA,NA,NA,NA,NA,FALSE,NA,FALSE,4.616,3.384,NA,NA
"Democratic Republic of the Congo","COD","Africa","Twabela et al (2016)",1,0.286,"  7,553,229","east africa",TRUE,TRUE,0.43,0.019,0.659,44,NA,NA,NA,NA,NA,NA,TRUE,FALSE,NA,FALSE,4.925,3.613,33.988,114.896
"Denmark","DNK","Europe","",0,0.895,"    873,231","free",FALSE,FALSE,0.878,0.031,NA,NA,NA,NA,NA,NA,NA,NA,NA,NA,NA,FALSE,59.53,43.635,NA,NA
"Djibouti","DJI","Africa","",1,0.43,"     59,576","east africa",TRUE,TRUE,0.774,0.012,NA,NA,NA,NA,NA,NA,NA,NA,NA,FALSE,NA,FALSE,5.662,4.154,NA,NA
"Dominica","DMA","Americas","",0,0.724,"      9,691","free",FALSE,FALSE,0.698,0.026,NA,NA,NA,NA,NA,NA,NA,NA,NA,NA,NA,FALSE,23.136,16.964,NA,NA
"Dominican Republic","DOM","Americas","",1,0.689,"  1,403,785","endemic",FALSE,FALSE,0.798,0.026,NA,NA,NA,NA,NA,NA,NA,NA,NA,NA,NA,FALSE,7.54,5.528,NA,NA
"Ecuador","ECU","Americas","",1,0.72,"  2,152,582","endemic",FALSE,FALSE,0.64,0.026,NA,NA,NA,NA,NA,NA,NA,NA,NA,NA,NA,FALSE,7.427,5.444,51.643,NA
"Egypt","EGY","Africa","",1,0.644,"  8,893,789","endemic",FALSE,FALSE,0.432,0.018,NA,NA,NA,NA,NA,NA,NA,NA,NA,NA,NA,FALSE,9.351,6.861,23.679,NA
"El Salvador","SLV","Americas","",1,0.674,"    816,878","endemic",FALSE,FALSE,0.672,0.026,NA,NA,NA,NA,NA,NA,NA,NA,NA,NA,NA,FALSE,45.513,33.371,48.08,NA
"Equatorial Guinea","GNQ","Africa","",1,0.537,"     84,520","west africa",FALSE,FALSE,0.401,0.013,NA,NA,NA,NA,NA,NA,NA,NA,NA,NA,NA,FALSE,19.859,14.568,NA,NA
"Eritrea","ERI","Africa","",1,0.349,"    532,499","east africa",TRUE,TRUE,0.21,0.021,NA,NA,NA,NA,NA,NA,NA,NA,NA,FALSE,NA,FALSE,9.739,7.143,NA,NA
"Estonia","EST","Europe","",1,0.835,"    201,846","endemic",FALSE,FALSE,0.675,0.03,NA,NA,NA,NA,NA,NA,NA,NA,NA,NA,NA,FALSE,37.517,27.492,32.312,NA
"Ethiopia","ETH","Africa","Beyenne et al (in review); CDC PEP Survey",1,0.363," 11,728,757","east africa",TRUE,TRUE,0.199,0.023,0.736,632,0.774,465,NA,NA,0.574,465,TRUE,FALSE,NA,FALSE,3.915,2.872,0.135,NA
"Fiji","FJI","Oceania","",0,0.688,"     92,779","free",FALSE,FALSE,0.541,0.02,NA,NA,NA,NA,NA,NA,NA,NA,NA,NA,NA,FALSE,6.885,5.049,NA,NA
"Finland","FIN","Europe","",0,0.882,"    843,387","free",FALSE,FALSE,0.844,0.03,NA,NA,NA,NA,NA,NA,NA,NA,NA,NA,NA,FALSE,49.519,36.297,NA,NA
"France","FRA","Europe","",0,0.884," 10,278,213","free",FALSE,FALSE,0.798,0.032,NA,NA,NA,NA,NA,NA,NA,NA,NA,NA,NA,FALSE,43.272,31.718,NA,NA
"French Guiana","GUF","Americas","",0,0.816,"     36,800","free",FALSE,FALSE,NA,0.027,NA,NA,NA,NA,NA,NA,NA,NA,NA,NA,NA,NA,32.01,23.466,NA,NA
"Gabon","GAB","Africa","",1,0.674,"    100,875","endemic",FALSE,FALSE,0.874,0.01,NA,NA,NA,NA,NA,NA,NA,NA,NA,NA,NA,FALSE,38.306,28.1,NA,NA
"Gambia","GMB","Africa","",1,0.42,"    164,609","west africa",TRUE,TRUE,0.602,0.016,NA,NA,NA,NA,NA,NA,NA,NA,NA,FALSE,NA,FALSE,2.963,2.174,NA,NA
"Georgia","GEO","Europe","",1,0.733,"    566,000","asia",TRUE,FALSE,0.538,0.028,NA,NA,NA,NA,NA,NA,NA,NA,NA,FALSE,NA,FALSE,6.791,4.977,NA,NA
"Germany","DEU","Europe","",0,0.905," 12,525,099","free",FALSE,FALSE,0.755,0.03,NA,NA,NA,NA,NA,NA,NA,NA,NA,NA,NA,FALSE,42.836,31.399,NA,NA
"Ghana","GHA","Africa","CDC PEP Survey",1,0.541,"  2,401,022","west africa",TRUE,TRUE,0.547,0.017,NA,NA,NA,NA,NA,NA,NA,NA,FALSE,TRUE,FALSE,FALSE,8.035,5.894,16,NA
"Greece","GRC","Europe","",0,0.861,"  1,665,190","free",FALSE,FALSE,0.783,0.029,NA,NA,NA,NA,NA,NA,NA,NA,NA,NA,NA,FALSE,35.593,26.089,NA,NA
"Grenada","GRD","Americas","",0,0.748,"     14,243","free",FALSE,FALSE,0.356,0.026,NA,NA,NA,NA,NA,NA,NA,NA,NA,NA,NA,FALSE,24.329,17.839,NA,NA
"Guatemala","GTM","Americas","",1,0.574,"  2,179,053","endemic",FALSE,FALSE,0.52,0.026,NA,NA,NA,NA,NA,NA,NA,NA,NA,NA,NA,FALSE,7.551,5.535,30.046,NA
"Guinea","GIN","Africa","Youla et al (2014)",1,0.344,"  1,291,704","west africa",TRUE,TRUE,0.377,0.021,NA,NA,NA,NA,0.33,7994,0.49,2634,TRUE,FALSE,NA,FALSE,5.743,4.213,NA,NA
"Guinea Bissau","GNB","Africa","",1,0.353,"    169,199","west africa",TRUE,TRUE,0.501,0.019,NA,NA,NA,NA,NA,NA,NA,NA,NA,FALSE,NA,FALSE,2.38,1.746,NA,NA
"Guyana","GUY","Americas","",1,0.633,"    102,278","americas",TRUE,FALSE,0.287,0.026,NA,NA,NA,NA,NA,NA,NA,NA,NA,FALSE,NA,FALSE,3.094,2.268,NA,NA
"Haiti","HTI","Americas","Ryan Wallace; Ertheart et al (in review); Schildecker et al (2016); CDC PEP Survey; PAHO RF",1,0.454,"  1,428,142","americas",TRUE,TRUE,0.598,0.02,NA,NA,0.632,68,0.382,68,0.655,68,TRUE,TRUE,TRUE,FALSE,6.998,5.129,12.2,150
"Honduras","HND","Americas","",1,0.625,"  1,076,675","americas",TRUE,FALSE,0.553,0.023,NA,NA,NA,NA,NA,NA,NA,NA,NA,FALSE,NA,FALSE,6.069,4.45,64.895,NA
"Hungary","HUN","Europe","",1,0.816,"  1,514,567","endemic",FALSE,FALSE,0.717,0.031,NA,NA,NA,NA,NA,NA,NA,NA,NA,NA,NA,FALSE,35.601,26.088,43.79,NA
"Iceland","ISL","Europe","",0,0.898,"     50,896","free",FALSE,FALSE,0.942,0.03,NA,NA,NA,NA,NA,NA,NA,NA,NA,NA,NA,FALSE,58.167,42.636,NA,NA
"India","IND","Asia","DH Ashwath Narayana; Mysore Kalappa Sudarshan; Fitzpatrick et al (2016); Abbas et al (2011); Sudarshan (2006); Salve (2014); HC data",1,0.547,"118,902,760","asia",TRUE,FALSE,0.331,0.018,NA,NA,NA,NA,NA,NA,0.73,619,NA,TRUE,NA,TRUE,7.409,5.431,1.87,5.24
"Indonesia","IDN","Asia","",1,0.617," 26,787,732","asia",TRUE,FALSE,0.545,0.02,NA,NA,NA,NA,NA,NA,NA,NA,NA,FALSE,NA,FALSE,7.307,5.357,18.773,74.646
"Iran (Islamic Republic of)","IRN","Asia","",1,0.707,"  9,212,450","endemic",FALSE,FALSE,0.739,0.022,NA,NA,NA,NA,NA,NA,NA,NA,NA,NA,NA,FALSE,24.563,18.004,56.743,NA
"Iraq","IRQ","Asia","",1,0.573,"  4,151,428","endemic",FALSE,FALSE,0.696,0.022,NA,NA,NA,NA,NA,NA,NA,NA,NA,NA,NA,FALSE,12.144,8.911,88.762,NA
"Ireland","IRL","Europe","",0,0.908,"    713,954","free",FALSE,FALSE,0.635,0.03,NA,NA,NA,NA,NA,NA,NA,NA,NA,NA,NA,FALSE,46.753,34.27,NA,NA
"Israel","ISR","Asia","",1,0.888,"  1,075,623","endemic",FALSE,FALSE,0.922,0.026,NA,NA,NA,NA,NA,NA,NA,NA,NA,NA,NA,FALSE,34.211,25.077,22.835,NA
"Italy","ITA","Europe","",0,0.874,"  9,354,167","free",FALSE,FALSE,0.691,0.031,NA,NA,NA,NA,NA,NA,NA,NA,NA,NA,NA,FALSE,42.206,30.937,NA,NA
"Jamaica","JAM","Americas","",0,0.727,"    363,459","free",FALSE,FALSE,0.55,0.025,NA,NA,NA,NA,NA,NA,NA,NA,NA,NA,NA,FALSE,16.359,11.994,NA,NA
"Japan","JPN","Asia","",0,0.901," 16,404,412","free",FALSE,FALSE,0.939,0.025,NA,NA,NA,NA,NA,NA,NA,NA,NA,NA,NA,FALSE,45.447,33.314,109.514,NA
"Jordan","JOR","Asia","",1,0.698,"    934,018","endemic",FALSE,FALSE,0.839,0.019,NA,NA,NA,NA,NA,NA,NA,NA,NA,NA,NA,FALSE,5.411,3.966,29.332,NA
"Kazakhstan","KAZ","Asia","",1,0.745,"  1,819,158","endemic",FALSE,FALSE,0.532,0.02,NA,NA,NA,NA,NA,NA,NA,NA,NA,NA,NA,FALSE,12.803,9.382,NA,NA
"Kenya","KEN","Africa","Samuel M. Thumbi",1,0.509,"  5,185,110","east africa",TRUE,TRUE,0.261,0.021,0.829,41,NA,NA,NA,NA,NA,NA,TRUE,FALSE,NA,FALSE,5.846,4.288,15,220.486
"Kiribati","KIR","Oceania","",0,0.624,"     11,020","free",TRUE,FALSE,0.444,0.019,NA,NA,NA,NA,NA,NA,NA,NA,NA,FALSE,NA,FALSE,4.621,3.388,NA,NA
"Kuwait","KWT","Asia","",1,0.76,"    514,857","endemic",FALSE,FALSE,0.984,0.025,NA,NA,NA,NA,NA,NA,NA,NA,NA,NA,NA,FALSE,74.834,54.851,NA,NA
"Kyrgyzstan","KGZ","Asia","",1,0.615,"    551,436","asia",TRUE,TRUE,0.358,0.018,NA,NA,NA,NA,NA,NA,NA,NA,NA,FALSE,NA,FALSE,5.531,4.054,NA,NA
"Lao People's Democratic Republic","LAO","Asia","Ahmed et al (2015)",1,0.524,"    642,197","asia",TRUE,FALSE,0.397,0.019,NA,NA,NA,NA,NA,NA,NA,NA,TRUE,FALSE,NA,FALSE,3.971,2.912,25.826,64.656
"Latvia","LVA","Europe","",1,0.805,"    304,375","endemic",FALSE,FALSE,0.674,0.031,NA,NA,NA,NA,NA,NA,NA,NA,NA,NA,NA,FALSE,31.527,23.102,24.333,153.575
"Lebanon","LBN","Asia","",1,0.739,"    734,813","endemic",FALSE,FALSE,0.879,0.024,NA,NA,NA,NA,NA,NA,NA,NA,NA,NA,NA,FALSE,41.328,30.292,37.136,NA
"Lesotho","LSO","Africa","",1,0.45,"    237,222","east africa",TRUE,TRUE,0.278,0.022,NA,NA,NA,NA,NA,NA,NA,NA,NA,FALSE,NA,FALSE,5.3,3.888,NA,NA
"Liberia","LBR","Africa","Olarinmoye et al (2017)",1,0.329,"    411,684","west africa",TRUE,TRUE,0.501,0.018,0.386,775,NA,NA,0.91,775,0.09,775,TRUE,FALSE,NA,FALSE,21.707,15.924,NA,NA
"Libya","LBY","Africa","",1,0.76,"    414,596","endemic",FALSE,FALSE,0.788,0.013,NA,NA,NA,NA,NA,NA,NA,NA,NA,NA,NA,FALSE,48.158,35.298,NA,NA
"Lithuania","LTU","Europe","",1,0.81,"    447,723","endemic",FALSE,FALSE,0.665,0.031,NA,NA,NA,NA,NA,NA,NA,NA,NA,NA,NA,FALSE,30.329,22.224,24.281,NA
"Luxembourg","LUX","Europe","",0,0.867,"     87,642","free",FALSE,FALSE,0.904,0.03,NA,NA,NA,NA,NA,NA,NA,NA,NA,NA,NA,FALSE,60.856,44.607,NA,NA
"Madagascar","MDG","Africa","Malavika Rajeev",1,0.48,"  2,526,658","east africa",TRUE,TRUE,0.357,0.02,NA,NA,NA,NA,NA,NA,NA,NA,FALSE,TRUE,FALSE,TRUE,4.451,3.265,NA,NA
"Malawi","MWI","Africa","",1,0.4,"  2,079,969","east africa",TRUE,TRUE,0.165,0.023,NA,NA,NA,NA,NA,NA,NA,NA,NA,FALSE,NA,FALSE,6.745,4.947,NA,NA
"Malaysia","MYS","Asia","",1,0.761,"  3,557,690","endemic",FALSE,FALSE,0.754,0.022,NA,NA,NA,NA,NA,NA,NA,NA,NA,NA,NA,FALSE,22.763,16.693,174.985,NA
"Maldives","MDV","Asia","",0,0.661,"     40,426","free",FALSE,FALSE,0.465,0.018,NA,NA,NA,NA,NA,NA,NA,NA,NA,NA,NA,FALSE,6.717,4.924,NA,NA
"Mali","MLI","Africa","Jakob Zinsstag; Abdallah Traoré; CDC PEP Survey",1,0.359,"  1,760,372","west africa",TRUE,TRUE,0.407,0.02,NA,NA,0.59,36,0.9,21,0.675,NA,TRUE,TRUE,NA,FALSE,4.069,2.985,20.6,NA
"Malta","MLT","Europe","",0,0.832,"     66,359","free",FALSE,FALSE,0.955,0.03,NA,NA,NA,NA,NA,NA,NA,NA,NA,NA,NA,FALSE,11.554,8.469,NA,NA
"Marshall Islands","MHL","Oceania","",0,0.563,"      6,148","free",FALSE,FALSE,0.729,0.024,NA,NA,NA,NA,NA,NA,NA,NA,NA,NA,NA,FALSE,4.333,3.177,NA,NA
"Mauritania","MRT","Africa","",1,0.453,"    335,493","west africa",TRUE,TRUE,0.604,0.016,NA,NA,NA,NA,NA,NA,NA,NA,NA,FALSE,NA,FALSE,4.343,3.186,NA,NA
"Mauritius","MUS","Africa","",0,0.728,"    126,562","free",FALSE,FALSE,0.395,0.02,NA,NA,NA,NA,NA,NA,NA,NA,NA,NA,NA,FALSE,23.46,17.209,NA,NA
"Mexico","MEX","Americas","",1,0.77," 16,935,630","endemic",FALSE,FALSE,0.795,0.026,NA,NA,NA,NA,NA,NA,NA,NA,NA,NA,NA,FALSE,31.812,23.326,26.432,NA
"Micronesia (Fed. States of)","FSM","Oceania","",0,0.636,"      8,790","free",FALSE,FALSE,0.225,0.017,NA,NA,NA,NA,NA,NA,NA,NA,NA,NA,NA,NA,2.775,2.035,NA,NA
"Monaco","MCO","Europe","",0,0.946,"      5,805","free",FALSE,FALSE,1,0.03,NA,NA,NA,NA,NA,NA,NA,NA,NA,NA,NA,FALSE,71.754,52.596,NA,NA
"Mongolia","MNG","Asia","",1,0.653,"    342,093","asia",TRUE,FALSE,0.728,0.022,NA,NA,NA,NA,NA,NA,NA,NA,NA,FALSE,NA,FALSE,8.614,6.317,NA,NA
"Morocco","MAR","Africa","",1,0.582,"  2,825,295","endemic",FALSE,FALSE,0.607,0.016,NA,NA,NA,NA,NA,NA,NA,NA,NA,NA,NA,FALSE,3.92,2.876,19.398,17.741
"Mozambique","MOZ","Africa","Salomão et al (2014)",1,0.322,"  2,987,979","east africa",TRUE,TRUE,0.325,0.021,NA,NA,NA,NA,0.3,156,NA,NA,TRUE,FALSE,NA,FALSE,3.417,2.507,NA,NA
"Myanmar","MMR","Asia","",1,0.483,"  4,934,248","asia",TRUE,TRUE,0.346,0.018,NA,NA,NA,NA,NA,NA,NA,NA,NA,FALSE,NA,FALSE,4.34,3.182,23.722,82.328
"Namibia","NAM","Africa","",1,0.625,"    231,353","endemic",FALSE,FALSE,0.476,0.019,NA,NA,NA,NA,NA,NA,NA,NA,NA,NA,NA,FALSE,8.063,5.914,NA,NA
"Nauru","NRU","Oceania","",0,0.663,"      1,363","free",FALSE,FALSE,1,0.024,NA,NA,NA,NA,NA,NA,NA,NA,NA,NA,NA,FALSE,5.192,3.807,NA,NA
"Nepal","NPL","Asia","Devleesschauwer et al (2016); Buchy CDC PEP Survey",1,0.458,"  2,330,498","asia",TRUE,TRUE,0.19,0.016,NA,NA,NA,NA,NA,NA,NA,NA,FALSE,TRUE,NA,FALSE,4.243,3.111,2.37,NA
"Netherlands","NLD","Europe","",0,0.91,"  2,605,618","free",FALSE,FALSE,0.91,0.03,NA,NA,NA,NA,NA,NA,NA,NA,NA,NA,NA,FALSE,45.528,33.372,NA,NA
"New Zealand","NZL","Oceania","",0,0.908,"    572,794","free",FALSE,FALSE,0.863,0.024,NA,NA,NA,NA,NA,NA,NA,NA,NA,NA,NA,FALSE,42.849,31.41,92.52,NA
"Nicaragua","NIC","Americas","",1,0.589,"    810,938","americas",TRUE,FALSE,0.591,0.026,NA,NA,NA,NA,NA,NA,NA,NA,NA,FALSE,NA,FALSE,5.545,4.064,18.23,59.771
"Niger","NER","Africa","",1,0.295,"  2,361,179","west africa",TRUE,TRUE,0.19,0.023,NA,NA,NA,NA,NA,NA,NA,NA,NA,FALSE,NA,FALSE,2.749,2.017,NA,NA
"Nigeria","NGA","Africa","",1,0.459," 16,964,610","west africa",TRUE,FALSE,0.486,0.018,NA,NA,NA,NA,NA,NA,NA,NA,NA,TRUE,NA,FALSE,13.632,10,NA,NA
"Niue","NIU","Oceania","",0,0.908,"        212","free",FALSE,FALSE,NA,0.026,NA,NA,NA,NA,NA,NA,NA,NA,NA,NA,NA,FALSE,3.58,2.626,NA,NA
"Norway","NOR","Europe","",0,0.943,"    799,372","free",FALSE,FALSE,0.807,0.03,NA,NA,NA,NA,NA,NA,NA,NA,NA,NA,NA,FALSE,68.186,49.98,NA,NA
"Oman","OMN","Asia","",1,0.705,"    535,079","endemic",FALSE,FALSE,0.781,0.022,NA,NA,NA,NA,NA,NA,NA,NA,NA,NA,NA,FALSE,47.568,34.865,NA,NA
"Pakistan","PAK","Asia","Zaidi et al (2013); Salahuddin (2016) ",1,0.504," 17,854,139","asia",TRUE,TRUE,0.392,0.018,NA,NA,NA,NA,0.48,6212,0.811,2983,FALSE,TRUE,FALSE,TRUE,6.507,4.775,5.2,10
"Palau","PLW","Oceania","",0,0.782,"      2,664","free",FALSE,FALSE,0.876,0.025,NA,NA,NA,NA,NA,NA,NA,NA,NA,NA,NA,FALSE,11.645,8.539,NA,NA
"Panama","PAN","Americas","",0,0.768,"    523,885","free",FALSE,FALSE,0.669,0.026,NA,NA,NA,NA,NA,NA,NA,NA,NA,NA,NA,FALSE,26.322,19.3,NA,NA
"Papua New Guinea","PNG","Oceania","",0,0.466,"    595,645","free",TRUE,FALSE,0.13,0.015,NA,NA,NA,NA,NA,NA,NA,NA,NA,FALSE,NA,FALSE,4.565,3.348,NA,NA
"Paraguay","PRY","Americas","",0,0.665,"    885,216","free",FALSE,FALSE,0.599,0.026,NA,NA,NA,NA,NA,NA,NA,NA,NA,NA,NA,FALSE,6.146,4.506,49.266,NA
"Peru","PER","Americas","",1,0.725,"  4,183,556","endemic",FALSE,FALSE,0.789,0.026,NA,NA,NA,NA,NA,NA,NA,NA,NA,NA,NA,FALSE,6.628,4.858,50.16,234.39
"Philippines","PHL","Asia","Sarah Jayme; Valenzuela et al (2017)",1,0.644,"  9,874,985","asia",FALSE,FALSE,0.443,0.019,NA,NA,NA,NA,0.98,NA,NA,NA,FALSE,TRUE,TRUE,TRUE,3.239,2.375,18.355,20
"Poland","POL","Europe","",1,0.813,"  5,846,076","endemic",FALSE,FALSE,0.605,0.03,NA,NA,NA,NA,NA,NA,NA,NA,NA,NA,NA,FALSE,27.693,20.296,22.636,NA
"Portugal","PRT","Europe","",0,0.809,"  1,592,100","free",FALSE,FALSE,0.64,0.031,NA,NA,NA,NA,NA,NA,NA,NA,NA,NA,NA,FALSE,29.911,21.924,NA,NA
"Qatar","QAT","Asia","",1,0.831,"    296,976","endemic",FALSE,FALSE,0.993,0.022,NA,NA,NA,NA,NA,NA,NA,NA,NA,NA,NA,FALSE,12.236,8.968,NA,NA
"Republic of Korea","KOR","Asia","",0,0.897,"  6,186,480","free",FALSE,FALSE,0.826,0.024,NA,NA,NA,NA,NA,NA,NA,NA,NA,NA,NA,FALSE,26.34,19.315,NA,NA
"Republic of Moldova","MDA","Europe","",1,0.649,"    546,792","asia",TRUE,FALSE,0.451,0.026,NA,NA,NA,NA,NA,NA,NA,NA,NA,FALSE,NA,NA,6.924,5.074,NA,NA
"Romania","ROU","Europe","",1,0.781,"  3,051,137","endemic",FALSE,FALSE,0.547,0.031,NA,NA,NA,NA,NA,NA,NA,NA,NA,NA,NA,FALSE,7.474,5.478,19.693,101.593
"Russian Federation","RUS","Asia","",1,0.755," 16,838,225","endemic",FALSE,FALSE,0.741,0.023,NA,NA,NA,NA,NA,NA,NA,NA,NA,NA,NA,FALSE,15.571,11.411,4.474,47.364
"Rwanda","RWA","Africa","",1,0.429,"  1,274,642","east africa",TRUE,TRUE,0.298,0.021,NA,NA,NA,NA,NA,NA,NA,NA,NA,FALSE,NA,FALSE,2.396,1.758,NA,NA
"Saint Kitts and Nevis","KNA","Americas","",0,0.735,"      7,410","free",FALSE,FALSE,0.322,0.027,NA,NA,NA,NA,NA,NA,NA,NA,NA,NA,NA,FALSE,35.498,26.028,NA,NA
"Saint Lucia","LCA","Americas","",0,0.723,"     24,667","free",FALSE,FALSE,0.185,0.027,NA,NA,NA,NA,NA,NA,NA,NA,NA,NA,NA,FALSE,29.722,21.793,NA,NA
"Saint Vincent and the Grenadines","VCT","Americas","",0,0.717,"     14,595","free",FALSE,FALSE,0.509,0.026,NA,NA,NA,NA,NA,NA,NA,NA,NA,NA,NA,FALSE,6.103,4.475,NA,NA
"Samoa","WSM","Oceania","",0,0.688,"     15,852","free",FALSE,FALSE,0.19,0.016,NA,NA,NA,NA,NA,NA,NA,NA,NA,NA,NA,FALSE,5.507,4.039,NA,NA
"San Marino","SMR","Europe","",0,0.944,"      4,889","free",FALSE,FALSE,0.942,0.029,NA,NA,NA,NA,NA,NA,NA,NA,NA,NA,NA,FALSE,46.316,33.95,NA,NA
"Sao Tome and Principe","STP","Africa","",0,0.509,"     14,823","free",TRUE,FALSE,0.656,0.015,NA,NA,NA,NA,NA,NA,NA,NA,NA,FALSE,NA,FALSE,9.693,7.11,NA,NA
"Saudi Arabia","SAU","Asia","",1,0.77,"  3,868,023","endemic",FALSE,FALSE,0.833,0.023,NA,NA,NA,NA,NA,NA,NA,NA,NA,NA,NA,FALSE,52.934,38.799,23.033,84.441
"Senegal","SEN","Africa","Diop et al (2007)",1,0.459,"  1,462,635","west africa",TRUE,TRUE,0.441,0.019,NA,NA,NA,NA,NA,NA,NA,NA,NA,FALSE,NA,FALSE,4.572,3.354,NA,NA
"Serbia","SRB","Europe","",1,0.766,"  1,092,038","endemic",FALSE,FALSE,0.557,0.024,NA,NA,NA,NA,NA,NA,NA,NA,NA,NA,NA,FALSE,6.269,4.595,29.915,NA
"Seychelles","SYC","Africa","",0,0.773,"      8,150","free",FALSE,FALSE,0.542,0.017,NA,NA,NA,NA,NA,NA,NA,NA,NA,NA,NA,FALSE,39.323,28.846,NA,NA
"Sierra Leone","SLE","Africa","",1,0.336,"    645,319","west africa",TRUE,TRUE,0.403,0.017,NA,NA,NA,NA,NA,NA,NA,NA,NA,FALSE,NA,FALSE,3.366,2.469,NA,NA
"Singapore","SGP","Asia","",0,0.866,"    738,000","free",FALSE,FALSE,1,0.025,NA,NA,NA,NA,NA,NA,NA,NA,NA,NA,NA,FALSE,43.701,32.034,124.47,NA
"Slovakia","SVK","Europe","",1,0.834,"    834,469","endemic",FALSE,FALSE,0.535,0.03,NA,NA,NA,NA,NA,NA,NA,NA,NA,NA,NA,FALSE,9.895,7.252,28.692,NA
"Slovenia","SVN","Europe","",1,0.884,"    317,503","endemic",FALSE,FALSE,0.496,0.03,NA,NA,NA,NA,NA,NA,NA,NA,NA,NA,NA,FALSE,7.06,5.175,25.432,NA
"Solomon Islands","SLB","Oceania","",0,0.51,"     49,073","free",TRUE,FALSE,0.228,0.016,NA,NA,NA,NA,NA,NA,NA,NA,NA,FALSE,NA,FALSE,4.128,3.027,NA,NA
"Somalia","SOM","Africa","",1,0.284,"  1,082,421","east africa",TRUE,TRUE,0.4,0.015,NA,NA,NA,NA,NA,NA,NA,NA,NA,FALSE,NA,FALSE,7.453,5.468,NA,NA
"South Africa","ZAF","Africa","",1,0.619,"  4,293,934","endemic",FALSE,FALSE,0.653,0.015,NA,NA,NA,NA,NA,NA,NA,NA,NA,NA,NA,FALSE,10.165,7.456,35.615,NA
"South Sudan","SSD","Africa","",1,0.408,"  1,315,210","east africa",TRUE,TRUE,0.19,0.021,NA,NA,NA,NA,NA,NA,NA,NA,NA,FALSE,NA,NA,13.922,10.215,NA,NA
"Spain","ESP","Europe","",0,0.878,"  7,141,272","free",FALSE,FALSE,0.798,0.031,NA,NA,NA,NA,NA,NA,NA,NA,NA,NA,NA,FALSE,37.382,27.401,NA,NA
"Sri Lanka","LKA","Asia","Amila Gunasekera; CDC CDC PEP Survey",1,0.691,"  1,710,163","asia",TRUE,FALSE,0.184,0.016,NA,NA,NA,NA,NA,NA,NA,NA,FALSE,TRUE,FALSE,TRUE,5.435,3.984,5.38,13.822
"State of Palestine","PSE","Asia","",1,0.684,"    549,229","asia",FALSE,FALSE,0.755,0.023,NA,NA,NA,NA,NA,NA,NA,NA,NA,NA,NA,NA,4.153,3.045,NA,NA
"Sudan","SDN","Africa","",1,0.408,"  4,226,035","east africa",TRUE,TRUE,0.34,0.021,NA,NA,NA,NA,NA,NA,NA,NA,NA,FALSE,NA,FALSE,32.86,24.11,NA,NA
"Suriname","SUR","Americas","",1,0.68,"     72,397","endemic",FALSE,FALSE,0.66,0.026,NA,NA,NA,NA,NA,NA,NA,NA,NA,NA,NA,FALSE,21.739,15.939,NA,NA
"Swaziland","SWZ","Africa","",1,0.522,"    149,792","east africa",FALSE,FALSE,0.213,0.022,NA,NA,NA,NA,NA,NA,NA,NA,NA,NA,NA,FALSE,7.221,5.297,NA,NA
"Sweden","SWE","Europe","",0,0.904,"  1,507,519","free",FALSE,FALSE,0.86,0.03,NA,NA,NA,NA,NA,NA,NA,NA,NA,NA,NA,FALSE,47.222,34.614,NA,NA
"Switzerland","CHE","Europe","",0,0.903,"  1,274,919","free",FALSE,FALSE,0.74,0.03,NA,NA,NA,NA,NA,NA,NA,NA,NA,NA,NA,FALSE,54.168,39.705,NA,NA
"Syrian Arab Republic","SYR","Asia","",1,0.632,"  1,970,245","endemic",FALSE,FALSE,0.581,0.023,NA,NA,NA,NA,NA,NA,NA,NA,NA,NA,NA,FALSE,8.673,6.357,43.353,NA
"Tajikistan","TJK","Asia","Picot et al (2017)",1,0.607,"    737,164","asia",TRUE,TRUE,0.269,0.017,NA,NA,NA,NA,0.6,NA,NA,NA,NA,FALSE,NA,FALSE,3.808,2.791,NA,NA
"Tanzania","TZA","Africa","Katie Hampson; CDC PEP Survey",1,0.466,"  5,739,037","east africa",TRUE,TRUE,0.323,0.008,0.865,480,0.747,1658,0.847,1239,0.564,978,TRUE,FALSE,NA,FALSE,6.271,4.6,14.64,NA
"TFYR Macedonia","MKD","Europe","",1,0.728,"    319,762","endemic",FALSE,FALSE,0.572,0.03,NA,NA,NA,NA,NA,NA,NA,NA,NA,NA,NA,NA,4.811,3.526,NA,NA
"Thailand","THA","Asia","Onpirun Yurachai",1,0.682,"  6,922,940","endemic",FALSE,FALSE,0.515,0.02,NA,NA,NA,NA,NA,NA,0.58,3844,TRUE,TRUE,TRUE,TRUE,4.76,3.49,18.174,75.39
"Timor-Leste","TLS","Asia","",0,0.495,"    112,932","free",TRUE,FALSE,0.334,0.018,NA,NA,NA,NA,NA,NA,NA,NA,NA,FALSE,NA,FALSE,3.846,2.819,NA,NA
"Togo","TGO","Africa","",1,0.435,"    730,317","west africa",TRUE,TRUE,0.405,0.019,NA,NA,NA,NA,NA,NA,NA,NA,NA,FALSE,NA,FALSE,2.666,1.956,NA,NA
"Tonga","TON","Oceania","",0,0.704,"      9,021","free",FALSE,FALSE,0.238,0.017,NA,NA,NA,NA,NA,NA,NA,NA,NA,NA,NA,FALSE,5.211,3.822,NA,NA
"Trinidad and Tobago","TTO","Americas","",0,0.76,"    181,345","free",FALSE,FALSE,0.084,0.026,NA,NA,NA,NA,NA,NA,NA,NA,NA,NA,NA,FALSE,78.866,57.827,NA,NA
"Tunisia","TUN","Africa","",1,0.698,"    847,940","endemic",FALSE,FALSE,0.67,0.015,NA,NA,NA,NA,NA,NA,NA,NA,NA,NA,NA,FALSE,4.758,3.488,20.086,62.517
"Turkey","TUR","Europe","",1,0.699," 12,102,435","endemic",FALSE,FALSE,0.739,0.029,NA,NA,NA,NA,NA,NA,NA,NA,NA,NA,NA,FALSE,15.229,11.161,24.291,29.245
"Turkmenistan","TKM","Asia","",1,0.686,"    546,244","endemic",FALSE,FALSE,0.504,0.019,NA,NA,NA,NA,NA,NA,NA,NA,NA,NA,NA,FALSE,14.95,10.957,NA,NA
"Tuvalu","TUV","Oceania","",0,0.583,"      1,069","free",FALSE,FALSE,0.606,0.019,NA,NA,NA,NA,NA,NA,NA,NA,NA,NA,NA,FALSE,4.289,3.145,NA,NA
"Uganda","UGA","Africa","Ryan Wallace",1,0.446,"  4,721,819","east africa",TRUE,TRUE,0.164,0.007,NA,NA,0.46,117,0.37,54,0.1,20,NA,TRUE,NA,FALSE,3.368,2.471,NA,NA
"Ukraine","UKR","Europe","",1,0.729,"  6,953,569","asia",TRUE,FALSE,0.699,0.031,NA,NA,NA,NA,NA,NA,NA,NA,NA,FALSE,NA,FALSE,8.957,6.563,28.007,NA
"United Arab Emirates","ARE","Asia","",1,0.846,"  1,136,982","endemic",FALSE,FALSE,0.858,0.024,NA,NA,NA,NA,NA,NA,NA,NA,NA,NA,NA,FALSE,66.745,48.921,33.96,NA
"United Kingdom","GBR","Europe","",0,0.863," 10,021,266","free",FALSE,FALSE,0.828,0.03,NA,NA,NA,NA,NA,NA,NA,NA,NA,NA,NA,FALSE,41.635,30.519,NA,NA
"United States of America","USA","Americas","",0,0.91," 42,855,843","free",FALSE,FALSE,0.818,0.027,NA,NA,NA,NA,NA,NA,NA,NA,NA,NA,NA,FALSE,42.868,31.428,NA,NA
"Uruguay","URY","Americas","",0,0.783,"    457,541","free",FALSE,FALSE,0.955,0.026,NA,NA,NA,NA,NA,NA,NA,NA,NA,NA,NA,FALSE,49.177,36.058,22.337,NA
"Uzbekistan","UZB","Asia","",1,0.641,"  2,910,436","asia",TRUE,FALSE,0.365,0.018,NA,NA,NA,NA,NA,NA,NA,NA,NA,FALSE,NA,FALSE,3.005,2.202,NA,NA
"Vanuatu","VUT","Oceania","",0,0.617,"     22,891","free",FALSE,FALSE,0.264,0.017,NA,NA,NA,NA,NA,NA,NA,NA,NA,NA,NA,FALSE,5.378,3.944,NA,NA
"Venezuela (Bolivarian Republic of)","VEN","Americas","",1,0.735,"  4,147,744","endemic",FALSE,FALSE,0.89,0.026,NA,NA,NA,NA,NA,NA,NA,NA,NA,NA,NA,FALSE,54.776,40.163,NA,NA
"Vietnam","VNM","Asia","Huong Nguyen",1,0.593,"  8,366,058","asia",TRUE,FALSE,0.342,0.017,0.16,NA,0.6,1200,NA,NA,NA,NA,TRUE,TRUE,TRUE,TRUE,4.308,3.159,23.957,45
"Western Sahara","ESH","Africa","",1,0.403,"     28,062","west africa",FALSE,FALSE,0.93,0.01,NA,NA,NA,NA,NA,NA,NA,NA,NA,NA,NA,NA,7.914,5.805,NA,NA
"Yemen","YEM","Asia","Al-Shamahy et al (2013)",1,0.462,"  2,465,113","east africa",TRUE,TRUE,0.352,0.018,0.627,166,NA,NA,NA,NA,NA,NA,NA,TRUE,NA,FALSE,10.954,8.037,NA,NA
"Zambia","ZMB","Africa","Babaniyi et al (2016)",1,0.43,"  1,607,202","east africa",TRUE,TRUE,0.414,0.02,NA,NA,NA,NA,NA,NA,NA,NA,NA,FALSE,NA,FALSE,12.541,9.199,NA,NA
"Zimbabwe","ZWE","Africa","",1,0.376,"  1,664,119","east africa",TRUE,TRUE,0.323,0.02,NA,NA,NA,NA,NA,NA,NA,NA,NA,FALSE,NA,FALSE,24.691,18.111,NA,NA
